title,category,publish_date,blog_post
Kamu tidak perlu khawatir tentang perasaanku,untitledoorseries,6/20/2022,"Sekarang aku sadar, aku tidak mencintaimu dengan maksud memilikimu. Aku mencintaimu, dan masih akan tetap mencintai kamu, karena aku tau bahwa dengan cara itu aku terus memperbaiki diri. Karena aku tau bahwa aku bisa menjadi aku yang lebih baik dalam banyak hal setiap hari. Dan karena itu, kamu tidak perlu khawatir untuk balik mencintaiku. Kamu berhak untuk jatuh cinta pada siapa saja. Atau memilih untuk tidak jatuh cinta pada siapa-siapa. Kamu berhak untuk memilih kekasih yang akan kamu bawa hidup bersama. Atau memilih sendiri karena ingin fokus mengembangkan hidupmu dulu saja. Kamu berhak atas itu semua, dan aku masih akan baik-baik saja. Karena aku pun tidak pernah berdoa agar kamu adalah satu-satunya. Karena aku sepercaya itu bahwa Tuhan lebih tau yang terbaik untuk segalanya. Dan karena itu, orang itu tidak harus kamu. Aku mencintaimu. Tentu. Tapi tentang apakah kamu juga mencintaiku atau tidak, itu di luar kuasaku. Akan kunyatakan perasaan saat kesempatan yang tepat itu datang. Namun kalaupun kesempatan itu tak pernah ada, atau ada tapi kamu memilih menolakku dengan alasan yang sama, akan kuanggap itu sebagai cara Tuhan untuk bilang, you’re not the one. ;"
Perasaan yang ingin kuungkapkan,untitledoorseries,6/16/2022,"Duduk berdampingan denganmu sudah cukup untuk membuat aku merasa paling beruntung. Kamu yang awalnya hanya sebuah nama yang biasa aku dengar dari seorang teman, menjadi kamu yang amat aku kagumi dalam diam, dan bertahun-tahun hanya berani aku lihat dari kejauhan. Selama waktu-waktu itu, aku hanyalah seorang penggemar yang tak pernah kamu kenal. Namun, sikap ramahmu jualah yang membentuk aku menjadi aku yang sekarang. Kamu membuatku merasa kita sudah mengenal lama bahkan di kali pertama aku memberanikan diri untuk bicara. Kamu bersabar saat aku tak mampu mengutarakan isi pikiranku dengan benar. Kamu ajak aku bercanda saat aku tak tau bagaimana caranya melanjutkan percakapan. Dan kala itu, saat kamu tiba-tiba menghilang, aku pikir aku tidak akan lagi punya kesempatan untuk menyatakan perasaan yang sudah lama aku pendam. Tanpa satupun kabar, tahun-tahun aku lalui tanpa kamu terasa tak sepenuhnya menyenangkan. Sampai akhirnya, sosokmu kembali pulang. Aku bisa bilang, hari itu, hari dimana aku bisa melihatmu kembali, adalah hari yang paling membahagiakan. Dan aku, tanpa ragu menyapamu lebih dulu. Sementara kamu, berhasil membuatku berpikir kamu tidak pernah pergi selama itu. Tahun-tahun tanpa kamu kini tak berarti lagi, karena sekarang kamu ada di sini. Dan perasaan yang aku punya, izinkan aku sekarang mengungkapkannya. ;"
"Malam itu, saat dia pulang",untitledoorseries,6/14/2022,"Malam itu, saat hatiku sedikit tergerak padamu, aku meragu. Perasaan yang tiba-tiba datangnya ini benarkah sepenuhnya karena hatiku jatuh padamu? Di sepanjang jalan pulang, aku berpikir panjang. Dan… ternyata tidak. Karena saat aku bertemu dengan dia, hatiku masih berdebar sama kerasnya, seperti biasa. Tuhan, apa tidak ada cara untuk jatuh cinta selain padanya? Dia masih tersenyum dengan cara yang sama. Melambaikan tangan dan menyapaku seperti dia tidak pernah pergi sebelumnya. Dan tahun-tahun yang kulalui tanpanya seperti tidak ada apa-apanya. Oh, aku masih jatuh hati pada orang yang sama. “Kenapa kamu harus datang sekarang?” protesku dalam hati. Namun yang aku dapati justru sebuah pelukan dan sebuah ucap halus, “Aku pulang.” Dan malam itu juga, hatiku kembali sepenuhnya jatuh pada orang yang lagi-lagi sama. Sementara raguku untukmu, jelas sudah alasannya. Di hatiku, hanya ada ruang yang cukup untuknya. ;"
"Bahkan meskipun kamu bukan siapa-siapa, kamu tetap akan dicintai",untuk: aku,6/9/2022,"“Kalau kamu masih terbangun esok hari, apa yang akan kamu katakan pada dirimu sendiri malam ini?” Aku pengen bilang, “Mereka yang sayang sama kamu akan tetap sayang sama kamu meskipun kamu bukan anak terpintar di kelas, meskipun kamu gak bawa pulang hadiah sehabis berlomba, meskipun kamu gak diberangkatkan kemana-mana untuk bawa nama baik sekolah, meskipun kamu bukan lulusan dari universitas terbaik, meskipun kamu gak lanjut kuliah S2, dan meskipun gaji kamu gak puluh-puluhan juta. Karena bahkan meskipun kamu bukan siapa-siapa, kamu akan dicintai sebagai kamu, apa adanya.” Aku tahu seberapa sulitnya kata-kata itu untuk kamu percaya. Aku tahu seberapa keras kamu selalu berusaha untuk ngasih yang terbaik semampu yang kamu bisa. Aku tahu seberapa sering kamu mengorbankan perasaan kamu untuk orang lain. Aku tahu seberapa sakit yang selalu kamu tahan sendiri di malam hari. Aku tahu…. Semua yang kamu lalui, aku tahu. Karena itu, aku berharap, kamu gak terlalu keras sama diri kamu sendiri, kamu gak nyalahin diri kamu saat sesuatu gak berjalan sesuai yang kamu mau, kamu gak merasa bersalah saat kamu belum bisa memenuhi harapan-harapan orang di sekitar kamu. Dan bahkan, aku gak pengen kamu merasa malu jadi kamu. Aku pengen kamu lebih mencintai diri kamu sendiri. Karena cintanya mereka aja gak akan cukup jadi alasan kamu untuk hidup satu hari lagi. ;"
Ketika wanita dalam dekapan pria yang mencintainya,favorit,9/10/2021,"“Satu orang istimewa sudah cukup rasanya untuk membuat hariku terasa amat baik-baik saja. Untuk terbangun di pagi hari dengan semangat yang tak biasa dan tidur di malam hari dengan perasaan bahagia. Aku tidak pernah membayangkan sosok seperti kamu adalah bagian dari hariku yang biasanya hanya berisi rasa lelah setelah bekerja seharian. Beruntungnya aku, karena hadirmu sebagai pemeran utama yang justru tak pernah aku berani imajinasikan. Rasanya menyenangkan bisa jatuh cinta kembali. Selamat datang di duniaku. Semoga kamu betah untuk waktu yang sangat sangat lama. Aku mencintaimu,” tulisku ketika aku tak sengaja menatap mata wanita yang sedang tergila-gila pada pria dalam peluknya. ;"
Bila hidupmu terasa hampa,untuk: aku,8/25/2019,"Jika barangkali hidup sedang terasa hampa untukmu, coba tutup matamu sebentar dan hitung seberapa banyak nikmat Tuhan yang sudah Dia karuniakan. Lalu buka matamu dan lihat bahwa ternyata waktu tetap berjalan, namun dengan lebih rasa nyaman. Ya, kamu hanya lupa bersyukur sebentar. Padahal beberapa menit rasa syukur itu yang membuatmu mudah merasa cukup atas apa-apa saja. Dunia akan lenyap pada waktunya, berganti dengan sesuatu yang lebih abadi setelahnya. Tapi benar bahwa hari kita hidup agaknya masih lama terasa. Padahal hanya seribu tahun dunialah yang bisa menyamai satu hari tempat kehidupan kita selanjutnya. Jadi tidak perlu khawatir. Hidupmu baik-baik saja. Yakin saja pada Tuhan yang kamu percaya. Bahwa apa yang telah, sedang, dan akan Dia beri padamu adalah pilihan terbaik sebagai bentuk cinta dari-Nya. ;"
Kamu perlu berbahagia hari ini,untuk: aku,8/21/2019,"Kamu perlu berbahagia hari ini. Melihat hari-harimu yang lalu terlihat lusuh, aku ingin kamu mulai mengasihani dirimu sesekali. Lihat, kamu tetaplah kamu, apa pun yang kamu usahakan. Kamu tidak akan sampai pada diri siapa pun yang kamu kejar. Kamu tidak perlu menjadi orang lain untuk berbaur dengannya. Mereka yang mau berbaur denganmu juga bukanlah kamu dalam tubuh yang berbeda. Kamu, dia, atau mereka, tidak berbeda. Kamu, dia, dan mereka, hanya tidak sama. Iya, karena nampaknya kata berbeda itu memiliki konotasi yang buruk di telinga kita. Dan seperti yang kamu lihat, aku ingin kamu berbaik sangka. Atas apa-apa yang Tuhan berikan. Padamu, padanya, atau pada mereka, selalu ada alasan dibaliknya. Percaya saja. ;"
Kamu tidak pernah salah untuk memilih orang yang mencintaimu,untitledoorseries,3/16/2019,"Kamu tidak pernah salah untuk memilih orang yang mencintaimu. Bisa jadi kamu memilihnya karena kamu terlalu putus asa. Khawatir bahwa dia akan terluka seperti kamu yang lama. Kamu yakin bahwa kamu juga bisa mencintainya, meski belum tahu pasti kapan waktunya. Sejauh ini, usahamu ya yakin dulu saja. Kamu merasa tidak perlu tahu tentang dia yang terus memikirkanmu saat kamu tidak terpikir tentangnya. Kamu merasa tidak perlu tahu tentang betapa ia bisa melakukan apa saja untukmu, orang yang dia cinta. Kamu merasa tidak perlu tahu. Selama dia mencintaimu dan kamu berusaha mencintainya, kamu pikir semua akan baik-baik saja. Namun jika orang yang mencintaimu pergi, itu bukan kesalahanmu. Dia mungkin baru mulai sadar dan memahami posisinya di hatimu. Bahwa kamu mencintainya hanyalah sebuah fatamorgana dalam kehidupannya. Orang yang mencintaimu berhak bahagia, hidup bersama orang yang mampu memberikan perasaan sebesar yang dia punya. Orang yang bukan memberinya bahagia sementara, tapi selamanya. Namun aku harap orang itu kamu, agar dia tidak perlu lagi belajar dari awal tentang bagaimana caranya jatuh cinta. ;"
Kamu tidak pernah salah untuk memilih orang yang kamu cintai,untitledoorseries,3/15/2019,"Kamu tidak pernah salah untuk memilih orang yang kamu cintai. Bisa jadi kamu memilih orang yang kamu cintai karena kamu berpikir bahwa kamu cukup bahagia hanya dengan hadirnya dia di sisimu. Bahwa kamu yakin dia akan jatuh cinta padamu di suatu waktu. Tidak peduli apakah senyum yang saat ini dia suguhkan itu asli atau palsu. Kamu merasa tidak perlu tahu seberapa lama dia harus menahan diri atas kejenuhannya terhadap sikapmu. Kamu merasa tidak perlu tahu tentang perasaan bersalahnya karena tidak bisa balas mencintaimu. Kamu merasa tidak perlu tahu, selama kamu yakin dia akan jatuh cinta padamu, meski entah kapan itu. Tapi jika orang yang kamu cintai pergi, dia tidak salah apa-apa. Sejak awal bukankah dia memang tidak punya perasaan sebesar yang kamu punya? Jadi jangan salahkan dia. Dia hanya memberimu kesempatan untuk membuatnya juga mencintaimu sama besar. Hanya sayangnya, kamu tidak bisa. Dan dia tidak ingin terkurung dalam perasaan bersalah lebih lama. Orang yang kamu cintai itu berhak untuk bahagia, hidup bersama orang yang dicintainya. Tapi tentu semoga saja, kamulah orangnya. ;"
Mana yang aku harus katakan pada diriku?,untitledoorseries,3/10/2019,"Kamu baik, tapi tidak cukup baik untukku. Kamu baik, tapi aku tidak cukup baik untukmu. Mana yang aku harus katakan pada diriku? Kamu tidak seperti pria yang kuidamkan. Nyaris semua tentangmu jauh dari apa yang kuharapkan. Tapi kamu memiliki hati yang sebelumnya tidak pernah aku temukan. Ketulusan hatimu itu, mampu membuat dinding yang kubuat kokoh jatuh berserakan. Aku jatuh hati padamu, tapi aku tidak menginginkan itu. Kamu orang baik. Kamu sering membantuku dalam banyak hal. Kamu memaklumi segala kecerobohan yang aku sebabkan. Kamu begitu sabar, hingga membuatku lupa bahwa aku hanyalah gadis malang tanpa apa pun yang selama ini kamu berikan. Aku jatuh hati padamu, tapi aku terlalu takut mengakuinya. Ah tapi sudahlah. Bagiku, mencintaimu itu sulit. Dan penglihatanku terlalu kabur untuk memahami apa yang sebenarnya aku inginkan. Jadi biarkan aku menghentikan ini semua, agar akhirnya tidak menjadi lebih terasa menyakitkan. Tapi apa yang aku harus katakan untuk meyakinkan diri ini bahwa aku tidak berniat jatuh hati padamu sama sekali? Kamu baik, tapi tidak cukup baik untukku. Kamu baik, tapi aku tidak cukup baik untukmu. Mana yang aku harus katakan lebih keras pada diriku? ;"
"Karenamu, hati dan pikiranku berantakan",untitledoorseries,3/9/2019,"Aku sedang berada di fase dimana aku harus membersihkan hati dan pikiranku yang berantakan. Siapalagi, kalau bukan kamulah yang menjadi alasan. Aku khawatir bahwa perasaan ini kurasakan sendirian. Bahwa kemungkinan kamu merasakan hal yang sama adalah sebuah kemustahilan. Aku seharusnya tidak pernah memulainya. Mencintai kamu terlalu punya risiko ekstra. Tapi aku harus bagaimana? Aku bahkan datang padamu tanpa ada rencana untuk jatuh cinta. Aku datang padamu tanpa membawa perasaan apa-apa. Namun aku lupa bahwa aku bisa merasakan sesuatu justru saat aku tidak menggunakannya. Aku tidak tahu, tapi perlakuanmu terasa begitu tulus hingga mampu membuat hatiku tergerak karenanya. Dan saat hatiku tergerak, aku belum siap. Dia jatuh dan aku tidak sempat menangkapnya. Dan di sinilah aku, berakhir menata ulang isi hati dan pikiran yang sudah kamu buat berantakan. Lain kali, akan kutinggalkan hatiku di rumah agak tidak bisa lagi kamu porak-porandakan. ;"
Kamu tidak mencintainya,untitledoorseries,3/8/2019,"Kamu tidak mencintainya. Kamu hanya takjub karena baru pertama kali diperlakukan sangat baik oleh seorang pria. Kamu hanya kagum karena masih ada pria yang memahamimu tanpa perlu kamu minta. Kamu hanya terpesona karena dia berbeda dari pria yang biasanya. Tapi, kamu, kamu tidak mencintainya. Tidak. Kamu mungkin akan menyesalinya. Tapi ayolah, masih ada banyak pria baik di luar sana. Kamu hanya kebetulan bertemu pria baik yang pertama. Dan itu tidak berarti bahwa padanyalah kamu harus jatuh cinta. Kamu tidak mencintainya. Sungguh, tidak. Jadi berhenti menghakimi dirimu sendiri karena takut kehilangan kesempatan untuk menjadi wanitanya. Berhenti berandai-andai bahwa pria seperti dia tidak akan lagi pernah ada. Kamu akan mencintainya suatu saat nanti jika memang kamu adalah jodohnya. Entah bagaimana caranya, tapi jika memang benar dialah orangnya, Tuhan akan membawamu padanya dalam berkali-kali kesempatan. Jika benar dialah orangnya, Tuhan akan bawakan pula dia padamu lewat jalan yang tidak kamu sangka-sangka. Jadi berhentilah khawatir jika hidupmu tak akan baik-baik saja tanpanya. Kamu akan bertemu kembali padanya. Untuk jatuh cinta atau hanya untuk bertukar sapa. Namun satu hal yang pasti sekarang: kamu tidak mencintainya. Tidak, tidak untuk sekarang. ;"
Dia yang mencintaimu,untitledoorseries,3/2/2019,"Dia yang mencintaimu tidak akan mudah pergi hanya karena kamu tidak mencintainya hari ini. Tapi dia yang mencintaimu juga punya akal sehat untuk meninggalkanmu, jika kamu adalah orang yang tidak cukup pantas menerima cintanya yang sepenuh hati. Dia yang mencintaimu akan tetap mencintaimu, hanya jika kamu mengatakan bahwa kemungkinan kamu mencintainya itu ada. Sekalipun tidak dengan secara langsung mengatakannya. Dia yang mencintaimu pun akan tetap mencintaimu meski kamu memberinya sedikit saja kesempatan untuk membuatmu juga mencintainya. Jadi kalau kamu berniat mencintainya tapi belum bisa, coba katakan dulu saja. Karena kamu mungkin akan menyesal saat dia sudah pergi dan memilih untuk mencintai wanita lain. Kamu mungkin akan menyesali kenyataan bahwa kamu tidak akan pernah lagi menemukan sosok seperti dia. Namun jika niat pun tidak ada, jangan permainkan hati seseorang hanya karena kamu tidak ingin orang lain memilikinya. Kamu memang berhak bahagia, tapi dia juga. ;"
Dia mencintaimu dengan benar,untitledoorseries,3/1/2019,"Kamu pasti merasa beruntung mendapati pria itulah yang mendampingimu hingga sekarang. Dia tulus mencintaimu dengan cara yang tidak biasa dilakukan orang kebanyakan. Dia mengajarkanmu bagaimana cara mencintainya dengan benar. Dan bukannya kecewa atas perlakuanmu yang kurang. Dia mengiyakan untuk sesuatu yang benar dan mengatakan tidak untuk sesuatu yang memang harus diluruskan. Dia menjaga perasaanmu dengan teliti dan mengambil segala langkah dengan penuh hati-hati. Dia tahu mana yang akan membuatmu cemburu dan dia berkomitmen untuk tidak melakukan itu. Dia tahu bahwa teman baikmu bahkan bisa merebutnya darimu. Maka dia hanya akan menjadi akrab hanya jika ada kamu bersamanya. Karena dia tidak ingin kamu salah paham, atau hubungan kalian terancam. Sementara itu, dia justru percaya kamu bisa berteman dengan siapa saja. Bahwa hatimu akan tetap untuknya, dengan siapapun kamu sedang bersama sekarang. Dia juga tahu bagaimana caranya bersenang-senang dan tetap membuatmu nyaman. Dia bahkan memperhatikanmu bahkan untuk hal-hal kecil yang umumnya terabaikan. Kamu tentu tahu betapa tidak sukanya aku atas hal-hal yang berlebihan. Saat aku bilang begitu, mencintai adalah salah satunya. Dia mencintaimu dengan berlebihan, jika boleh kukatakan. Tapi dia melakukan semuanya seolah itu hal biasa. Namun ketimbang mengatakan itu berlebihan, aku malah menganggapnya sebagai bentuk perhatian. Aku pun tidak paham kenapa cara dia mencintaimu adalah suatu pengecualian. Maka percayalah, dia adalah sosok sempurna yang kamu punya sekarang. Dan aku yakin, kamu pun akan semangat mengiyakan. Suatu saat nanti, aku pasti akan tetap melihat kalian bersama. Karena aku percaya satu hal: sebagaimana dia mencintaimu sekarang, seperti itulah dia akan mencintaimu esok, lusa, hingga nanti di masa depan. Dia mencintaimu dengan benar. Maka jaga juga hatimu untuknya dengan benar. Kamu tidak perlu khawatir tentangnya. Meski seribu tahun berlalu pun, pasti dia akan tetap memilihmu sebagai pendamping hidup yang dia inginkan. ;"
"Di akhir hidupmu yang bahagia, aku teringat tentang dia",untitledoorseries,2/22/2019,"Meski hidupmu sebentar lagi berakhir, kamu pasti bahagia karena kamu tau bahwa kamu dicintai oleh orang yang kamu cintai. Tapi aku harap, dia yang sudah pergi itu juga bahagia. Setidaknya dia tau bahwa dia hanya pernah tulus mencintaimu seumur hidupnya. Aku masih ingat saat-saat dimana aku duduk bersebelahan dengannya. Dia selalu antusias menceritakan kamu sebagai satu-satunya pria yang dia cintai setulus hatinya. Tentang bagaimana tidak karuannya rambutmu saat kalian berpapasan di tengah jalan. Tentang manisnya senyummu yang tidak bisa dia lupakan. Atau tentang betapa beruntungnya wanita yang menjadi pendampingmu hingga sekarang. Ya, sayangnya dia tidak seberuntung itu, untuk dicintai oleh orang yang dia cintai. Bahkan sampai dia mati. Aku dan teman-teman selalu menganggapnya sebagai orang yang periang. Dia selalu tertawa, bermain ke sana ke sini, bahkan berprestasi jauh di atas kami. Aku tidak pernah melihatnya bersedih sama sekali, meski perasaannya padamu sangat nyata bertepuk sebelah tangan. Namun bukan itu yang kemudian menjadi penyesalan hingga saat ini. Aku lebih menyesali kenyataan bahwa aku tidak pernah cukup bisa mengerti, dia menderita seorang diri. Bahwa dia tidak pernah cukup percaya untuk membuka dirinya yang sebenarnya pada siapa-siapa. Setelah berpisah sekolah, aku tidak pernah mendengar berita apa pun darinya. Sampai pada akhirnya, aku hanya mendengar berita duka. Bahwa dia, sudah tiada. Sama seperti yang sekarang kamu alami, dia dulu juga ada di posisi seperti ini. Bedanya, dia tidak punya orang yang dia cintai di sisinya. Dia tidak bisa melihat langsung manisnya senyummu yang tidak bisa dia lupakan itu. Kamu tidak ada di sisinya, hanya karena kamu bukanlah orang yang juga mencintainya. Kuakui, kamu beruntung. Di sisa akhir hidupmu, kamu didampingi orang yang kamu cintai. Orang itu datang setiap hari untuk melihatmu dan menggenggam tanganmu. Berharap dengan cara itulah kamu tidak akan pernah pergi. Dan sekalipun kamu pergi tiba-tiba, kamu masih sempat melihat senyum terakhir yang paling kamu sukai di dunia ini. Senyum dari orang yang paling kamu cintai. Kamu pasti bahagia, memiliki akhir hidup seperti itu. Cinta wanita itu mengantarkanmu ke surga, dan kamu masih bisa melihatnya mencintaimu dari atas sana. Tapi aku juga berharap dia bahagia. Karena dia pernah jatuh cinta padamu sebegitu tulusnya. Setidaknya berkatmu, dia tau bagaimana rasanya mencintai. ;"
Kau akan tetap ada,untitledoorseries,2/15/2019,"Hari dimana kita putus, adalah saat dimana semua kenangan tentang kita kuhapus. Dan aku memulai hidup dari awal lagi, seolah kau tak pernah hadir di hatiku sama sekali. Saat orang bertanya, “Apa kau tak menyesalinya?” Kukatakan bahwa aku terus mencoba untuk tidak menyesalinya. Sekuat apa pun jua aku berusaha, bagaimana aku bisa mudah melupa sekalipun usia ini semakin tua? Ya, kau akan tetap ada. Jika bukan di hati, maka tempatmu masih ada di memori. Aku masih ingat bagaimana kau menunjukkanku rasanya dicintai. Juga kau yang mengajarkanku bagaimana berharganya menunggu. Kau pula yang mengingatkanku bahwa yang kita sukai tak selamanya kita miliki. Kupikir barangkali Tuhan mempertemukan kita atas dasar kebetulan. Juga menumbuhkan rasa atas dasar ketidaksengajaan. Ternyata tidak. Tuhan tidak pernah main-main. Kita tidak kebetulan bertemu dan kita jatuh cinta dengan sengaja. Begitu pula bagaimana kita berpisah dan memutuskan untuk saling melupa. Tidak ada yang sia-sia. Entah pertemuan kita, atau perpisahan yang mengikutinya. Aku tidak pernah menyesal jatuh hati, lalu kemudian pergi. Aku hanya menyesali caraku pergi yang meninggalkanmu luka dalam di hati. Ingat saja, kau adalah ciptaan Tuhan yang baik hati. Dan karenanya, kau berhak mendapatkan lebih daripada aku yang seperti ini. Ayolah, kau tidak akan jatuh cinta lagi pada orang yang sama, kan? ;"
Kamu dan dia baik-baik saja,untitledoorseries,2/12/2019,"Kamu padahal tidak pernah bermaksud berbuat salah, tapi selalu saja sedikit noda membuat dia marah. Kamu padahal selalu menangis setiap malam, memohon Tuhan agar jaga dia, agar dia tidak pernah lagi bersedih atau terluka. Tapi selalu saja saat dia sedih dan kamu justru menghibur dengan tertawa, ketimbang ikut menangis bersamanya, dia tersinggung. Kamu padahal hanya ingin tidak membebaninya, tapi saat kamu menolak ketika dia menawarkan untuk membelikanmu sesuatu, dia kecewa. Kamu padahal ingin semua selalu berjalan baik-baik saja, tapi bersama dia sepertinya sulit ya? Lalu bagaimana jika begini saja. Pikirkan saja apa sebenarnya lain kali kamu bisa bersikap lebih berhati-hati, ikut menangis bersamanya, dan tidak menolak tawarannya. Pikirkan saja apa kamu sanggup terus mengalah karena rasa sayangmu padanya. Pikirkan saja apa kamu sanggup bersabar menunggunya sadar betapa kamu sangat tidak ingin kehilangannya. Lagipula, bukankah ada hari dimana dia menyayangimu ketimbang memarahimu? Bukankah ada hari dimana dia tertawa bersamamu? Bukankah ada hari dimana kamu mengiyakan inginnya? Tidakkah kamu ingin melalui lebih banyak hari lagi seperti itu? Maka mengalahlah sedikit lebih lama. Bersabarlah sedikit lebih lama. Kamu dan dia mungkin tidak akan pernah selalu baik-baik saja. Tapi selagi kalian bersama, bukankah itu artinya kamu dan dia baik-baik saja? Karena sebenarnya, keadaanlah yang sedang tidak baik-baik saja. Bukan kamu dan dia. ;"
Aku tak menyukaimu,favorit,2/12/2019,"Kubilang aku tak menyukaimu. Tapi saat ada wanita lain di dekatmu, aku cemburu. Aku mengatakan ini bukan karena ada atau tidaknya wanita lain di sisimu. Yang aku permasalahkan justru ada apa dengan aku? Memangnya apa posisimu di hatiku sampai aku harus sepeduli itu? Tidak ada. Kamu tidak punya posisi apa-apa. Kamu hanya orang yang tak sengaja kutemui di jalan dan kemudian berlanjut ke pertemuan-pertemuan selanjutnya yang tidak disengaja. Takdir berjalan dan Tuhan yang mengaturnya. Sementara hatiku, siapa pula yang menggetarkannya? Di tahun yang baru ini, aku tidak akan meminta apa-apa. Selain hatiku kembali menjadi selepas-lepasnya. Entah darimu, atau sebab selain itu. ;"
Perbandingan kali ini tidak semanis biasanya,untuk: aku,2/3/2019,"Perbandingan kali ini tidak semanis biasanya. Ada orang yang tidak aku temui karena takut terluka. Ada orang yang tidak aku tanggapi karena takut kecewa. Ada orang yang aku abaikan karena takut aku akan kembali ke titik yang sama. Tapi sore tadi, aku tiba-tiba berpikir, “Dia apa kabarnya ya?” Tidak biasanya. Dan benar saja, semua yang aku takutkan terjadi adanya. Aku sudah cukup lama tidak membandingkan diriku dengan yang lainnya. Tidak dengan yang di bawah, tidak pula yang di atas. Aku hanya menjalani hidupku sepenuh-penuhnya. Tidak peduli orang lain sudah menempuh jarak sejauh dan secepat apa. Namun mau bagaimanapun juga, aku tetap manusia dengan segala kekurangannya. Dan aku sedih melihat aku terluka hanya dengan satu kali membandingkan diri dengannya. Tapi dalam hati yang sama, aku bertanya, “Kenapa aku harus bersedih dan terluka karena dia ya?” Barangkali mimpi semalam yang kemudian membuatku sadar. Aku bisa saja tidak bernyawa lagi esok hari. Siapa yang tahu apa yang esok Tuhan kehendaki? Jadi aku tidak seharusnya khawatir, terluka, ataupun bersedih karena punya kehidupan yang tidak semenarik orang lain. Lebih daripada itu, aku seharusnya menjalani hidup yang tidak akan kusesali ketika aku mati. Perbandingan kali ini tidak semanis biasanya, karena dilihat dari cermin orang sebelah. Jadi mari kembali lihat cermin sendiri saja. Sudah sejauh apa langkah ini dari neraka? ;"
Hidupmu bukan milikmu sendiri,untuk: aku,2/3/2019,"Di saat aku berada di fase yang berat dalam hidup… ketimbang mengasihani diri sendiri, aku justru berandai-andai apa kabar orang-orang yang kusayangi kini. Apakah mereka sedang hidup bahagia, ataukah sedang menangis keras dalam hati. Aku selalu merasa bahwa aku adalah orang yang paling beruntung entah apa pun keadaannya. Aku selalu merasa bahwa aku punya segalanya meski masih banyak hal yang kumau tapi belum kudapat juga. Dan karenanya, aku tidak punya hak untuk mengeluhkan apa-apa. Karena aku sadar benar bagaimana hidup orang-orang yang kusayang tidak jauh lebih menyenangkan. Barangkali iya bahwa mereka tidak pernah mengatakan atau menggambarkan seberapa dalam lukanya. Tapi hanya dengan membayangkan aku berada di posisi itu saja aku tidak mampu. Yang aku pikirkan setiap kali selesai mendengar kabar adalah, “Akan jadi seberantakan apa aku jika ada di posisi itu?” Alih-alih melihat sekuat apa pribadi mereka hingga masih terus tersenyum dan tertawa di hadapanku, aku merasa semakin terluka karena tidak bisa jadi penyembuh. Saat ini mungkin aku juga memang tidak dalam kondisi yang baik. Ada rasa lelah yang tidak bisa dideskripsikan, ada rasa muak yang tidak bisa digambarkan, ada banyak kekecewaan yang tidak bisa dibicarakan. Aku ingin menangis sekuat-kuatnya, untuk hal-hal berat yang tanpa henti datang menimpa. Rasanya aku ingin berhenti di titik ini dan menyudahi semuanya. Tapi, aku hanya tidak bisa. Hidupku ini bukan hanya tentang aku saja, kan? Masih ada orang yang ingin aku bahagiakan. Masih ada orang yang ingin aku sembuhkan lukanya. Masih ada orang yang ingin aku perbaiki hidupnya. Masih ada orang yang ingin aku bantu mencapai mimpinya. Mereka adalah orang-orang yang kusayang dalam hidupku, yang membuatku terus berpikir bahwa aku mampu. Lagipula sampainya aku di titik ini atau masih tegapnya sekarang aku berdiri, bukanlah karena kemampuanku sendiri. Tidak lain dan tidak bukan, semua terjadi berkat dorongan niat untuk menjadi sumber kebahagiaan bagi orang-orang yang kusayangi. Mungkin benar jika saat ini hidup terasa berat sekali. Tapi jika kutengok masa lalu sejenak, aku pernah merasakan hidup yang lebih berat daripada ini. Dan di saat aku kini melihat aku yang dulu lagi, aku malah justru berpikir ‘ternyata dulu aku lemah sekali ya’. Tapi melihat bagaimana aku tidak menyerah di sana, di saat yang sama aku juga bangga pada diriku sendiri. Hal yang sama juga bisa berlaku untuk kali ini. Benar jika sesekali aku ingin egois untuk kebahagiaanku sendiri. Namun setelah kupikir-pikir ulang, apakah bisa disebut kebahagiaan jika yang merasakan bahagia itu hanya aku seorang? Apakah benar aku akan bahagia, melihat orang-orang yang kusayang tetap dalam keadaan terluka? Jadi kuputuskan untuk ikut terluka, meski masih tak seberapa dibandingkan luka yang mereka punya. Ini kulakukan bukan karena aku juga ingin merasakan sakitnya berada di posisi mereka, melainkan karena aku tahu bahwa jalan menuju bahagia sesungguhnya tentu bukan jalan yang biasa saja. Sebenarnya aku sangat menantikan waktu dimana aku sudah bisa bahagia tanpa lagi mudah terluka, sekaligus membahagiakan orang-orang yang kusayang. Tapi mengingat jalan yang kutempuh belum seberapa jauh, mari nikmati sajalah prosesnya sekalipun berdarah-darah. Benar jika aku ingin membahagiakan orang lain dengan cara yang tidak membuatku sengsara. Tapi jika hanya dengan jalan terluka itulah kelak aku bisa menjadi orang yang membahagiakan… demi orang-orang yang kusayang, akan kutahan. Untuk aku. Jika sudah tidak cukup kuat untuk tetap hidup, ingatlah bahwa hidup kita ini bukan milik kita sendiri. Sampainya kita di titik ini pun bukan semata-mata karena kemampuan kita sendiri. Entah itu ucapan semangat, bantuan langsung atau doa dari yang hanya melihat di kejauhan, mereka adalah orang-orang yang dengan ketulusan hatinya mendoakan untuk kebaikan bagi diri kita ini. Jadi, jangan semudah itu menyerah dan berhenti. Akan ada saatnya kamu tersenyum bangga melihat pantulan dirimu di cermin karena sudah mau bertahan hingga detik itu nanti. Tersenyumlah. Aku tau, kamu lebih kuat dari ini. ;"
Pilih ambisimu dengan benar,untuk: aku,2/3/2019,"Ambisi orang itu berbeda-beda. Lagipula besar kecilnya keinginan itu tidak ada skala bakunya. Karenanya bisa jadi kita menginginkan sesuatu yang diabaikan orang lain. Atau bisa jadi kita menginginkan sesuatu yang juga dikejar-kejar orang lain. Namun hanya karena keinginan terhadap sesuatu diabaikan sebagian orang, bukan berarti dia tidak berharga. Begitu pula sebaliknya. Semua orang bukankah sibuk dengan hidupnya masing-masing? Seringkali dibalik banyaknya keinginan itu, mata kita membuta dan hati kita membisu. Ambisi baru membuat kita lupa bahwa ada ambisi-ambisi lama yang perlu kembali disyukuri. Ada ambisi lama yang perlu dilihat kembali. Sudahkah itu membawa kita ke tempat yang lebih baik, atau justru sebaliknya? Rasanya hal yang lumrah jika manusia hidup tanpa rasa puas hingga akhir hayatnya. Ambisi akan terus ada, entah seberapa besar kehadirannya. Tapi baiknya, ada mata yang perlu kembali kita buka. Ada hati yang perlu kembali kita dengar. Dan ada pikiran yang perlu kembali sadar. Bahwa hidup kita sudah mencapai banyak ambisi sebelumnya. Maka jangan sampai ambisi membuat kita lupa bahwa hidup ini bukan hanya untuk dunia saja. Ambisi tidak salah apa-apa. Tuannya yang menentukan ambisi itu akan membawanya kemana. Menyibukkannya pada dunia atau mengingatkannya pada kehidupan setelahnya? Ada hal yang perlu kita lihat kembali. Sudahkah kita cukup sadar seberapa besar dunia yang kita genggam jika dibandingkan tabungan untuk kehidupan setelahnya? Lagi lagi, ambisi tidak salah apa-apa. Hanya soal kemana dia membawa kita saja yang membuat perbedaan itu kini ada. Jadi sibukkan saja diri kita untuk hal yang baik-baik. Dunia akan terus berjalan dengan atau tanpa hadir kita di dalamnya. Tapi kehidupan kita selanjutnya, tidak menjamin bahwa kita akan dihidupkan kembali untuk memperbaiki segalanya. Pilih ambisimu dengan benar. Pilih kesibukanmu dengan benar. Jalan mana yang ingin kita tuju, bergantung pada ambisi mana yang kita prioritaskan lebih dulu. ;"
Pemilik hati dari masa lalu,untitledoorseries,2/3/2019,"Malam ini, aku teringat tentangmu. Aku yang sekarang, apakah akan jadi berbeda jika saja aku tidak mengenalmu? Apakah semuanya akan jadi berbeda, jika saja aku tidak berhenti mencintaimu? Satu buah lagu sudah cukup untuk membuatmu kembali dalam ingatanku. Senyummu, tawamu, juga debaran jantungku yang melaju karenamu, ternyata aku belum benar-benar lupa. Namun jika dikatakan aku menyesal, sebenarnya tidak juga. Kadang jika teringat tentangmu, aku penasaran. Apakah pernah sedikit saja, kamu menyukaiku? Apakah pernah sedikit saja, kamu mengagumiku? Apakah pernah sedikit saja, kamu berharap bisa terus ada di sampingku? Aku penasaran. Sungguh. Hidup tanpa memikirkanmu ternyata masih butuh lebih banyak waktu. Rasa yang tidak pernah kuungkapkan, tidak bisa juga aku sebut bertepuk sebelah tangan. Aku masih sering berpikir, mungkin kita berdua adalah pihak yang sama-sama lebih memilih untuk memendam dan bukannya menyatakan. Kamu tahu benda yang paling aku suka? Foto yang ada senyum wajah termanismu di dalamnya. Dari sekian banyak, ada satu yang paling aku suka dan aku lihat sebelum menutup mata. Meski sekarang aku tak lagi punya, aku sudah bisa melihatnya di pikiranku saja. Entah mengapa ini terlalu sulit untuk dilupa. Sejak aku tahu bahwa mencintai seseorang yang belum tentu menjadi milikku itu terlarang, aku dan hatiku bergerak berlawanan. Bahkan jika bisa mengulang waktu, aku akan tetap melakukan hal yang sama. Perlahan saling menjauh adalah yang terbaik, kan? Seseorang bilang, aku masih terlalu muda untuk mengenal cinta. Masih terlalu cepat untuk memupuk rasa. Masih terlalu tergesa-gesa memintamu berada di hidupku sebagai seorang pria. Aku sepakat dengannya. Dan rasaku padamu, kuputuskan untuk melupa. Mungkin sejak saat itu hariku berubah. Lain dari yang biasanya, tapi tetap saja kulanjutkan. Karena hidup harus terus berjalan dengan atau tanpa hadirmu di dalamnya, kan? Segala cara aku lakukan, dan kutemukan jalan membuat rasa itu berkurang. Kamu bukan lagi orang yang memenuhi pikiranku setiap waktu. Prioritas berubah, dan aku tak lagi sama. Sekarang aku penasaran. Andai bertemu lagi di masa depan, apa aku akan kembali padamu? Ataukah aku akan menganggap semua hanya kenangan yang sudah berlalu? Andai bertemu lagi di masa depan dan rasaku kembali, akankah saat itu aku berani mengatakannya? Ataukah kamu yang lebih dulu melakukannya? Andai bertemu lagi di masa depan, akankah kita masih jadi orang yang sama? Nyatanya, kuputuskan untuk melupakanmu. Dan itu sudah dari lama kulakukan. Tapi tiap kali mendengar satu lagu ini, hatiku terus berdebar dan bertanya-tanya. Pria yang nantinya berdiri di sampingku, akankah itu kamu? Iya, kamu. Pemilik rasa yang aku pendam lama di masa lalu. ;"
Biarkan saja seperti itu,favorit,2/3/2019,"Hidup ini bukannya memang panggung sandiwara? Lalu apa yang salah dari berpura-pura, selama itu tidak merusak hidup salah satu dari kita? Maka ya. Biarkan saja seperti itu. Tahu tetapi pura-pura tak tahu. Peka tetapi pura-pura tak peka. Berduka tetapi pura-pura bahagia. Hampir gila tetapi pura-pura tersenyum biasa. Asalkan itu tidak menyakiti apa pun dan siapapun, tak ada yang salah dari berpura-pura, kan? Dan iya. Bahwa saya hanya bertahan hidup. Bahwa berpura-pura menjadikan saya tetap hidup. Bahwa berpura-pura menjadikanmu pula tetap hidup. Lagipula benar begitu kan caranya hidup sebagai manusia? Maka iya. Bahwa kita harus terus melakukan sesuatu. Mencegah sesuatu terjadi secara “terlalu”. Mencegah sesuatu menjadi berlebihan. Sudah cukup begitu saja. Penuhi hati dengan semua yang pura-pura. Karena dari mataku, dengan cara inilah kita tampak bahagia. Maka biar saja. Biarkan saja seperti itu. ;"
Pengagum rahasia,untitledoorseries,2/3/2019,"Kamu mungkin tidak akan pernah percaya bahwa gadis ini sudah mengagumimu sejak lama. Dan bahkan ketika kamu bersikap acuh sekalipun, gadis ini tidak pernah kehilangan rasa kagumnya. Tapi rasa yang disimpan dalam diam itu, akan bertahan untukmu sampai kapan? Di suatu siang yang terik, seorang gadis sedang berjalan pulang menuju rumahnya. Di tengah perjalanan, dia melihat dua lelaki sedang berbicara serius di pinggir jalan. Gadis itu terdiam sebentar, karena salah seorang lelaki menarik pandangannya. Tidak butuh lama bagi kedua lelaki itu menyadari kehadirannya. Mereka pun berbalik badan. Dengan sopan salah seorang dari mereka tersenyum dan bicara. “Mbanya mau lewat ya? Silakan mba,” begitu katanya sambil memosisikan diri memberi jalan. Gadis itu tiba-tiba sadar, orang yang diperhatikannya sejak tadi baru saja berbicara lebih dulu padanya. Meski takut tertangkap basah, dia mencoba tersenyum balik sambil menganggukkan kepalanya sopan. Juga melanjutkan perjalanan pulangnya ke rumah. Namun ada yang tertinggal meski dia sudah beranjak pergi. Hatinya, masih terus berdebar untuk senyum lelaki tadi. Dan untuk itu, dia sadar bahwa dia baru saja jatuh hati. Sekali lagi. Memangnya siapa lelaki itu? Ah, dia hanyalah orang yang dia tahu di waktu yang lalu. Lebih tepatnya, orang yang dikaguminya bertahun-tahun lewat sebuah foto. Dan pertemuan seperti tadi, bukanlah satu dua kali terjadi. Hanya lelaki itu saja yang mungkin tidak sadar bahwa gadis yang dia berikan jalan berkali-kali itu adalah gadis yang sama. Meskipun demikian, gadis itu tetap senang. Karena tiap kali bertemu, lelaki itu selalu memberinya senyuman yang membuat hatinya berdebar tak karuan. Dan gadis itu tidak pernah berhenti menjadi pengagum rahasia lelaki tadi meski hanya sehari. Entah sampai kapan, tapi gadis itu tidak pernah berhenti berharap bahwa suatu saat lelaki itu akan memberikannya kalimat lain selain mempersilakannya pergi. Karenanya, hanya Tuhan yang tahu seberapa lama gadis itu akan sanggup menyendiri untuk lelaki yang bahkan tak pernah mengenalinya meskipun hanya satu kali. ;"
Terbang ke masa lalu,untitledoorseries,2/2/2019,"Bahkan untuk hal-hal yang kita sudah lupakan, ia akan datang kembali ketika ada yang memicunya datang. Seperti kenangan di masa lalu, yang aku harap sudah menghilang. Aku seharusnya tidak pernah bertemu kamu lagi, kan? Suatu hari di bandara, ada tangan yang tiba-tiba menarik tubuhku hingga tertubruk dengan dadanya yang datar. Aku mendongakkan kepala, ingin tahu dia siapa. Tapi tangannya yang lain dengan cekatan menghalangi pandangan mataku. “Sebelum kamu melihatku, ada yang harus aku pastikan terlebih dahulu. Kamu tidak akan marah karena bertemu aku lagi, kan?” suaranya terdengar jelas karena posisi kami yang begitu dekat. Aku meneguk ludah. Suara ini, adalah suara yang aku kenal. Aku bahkan tidak perlu lagi melihat wajahnya setelah mendengar suaranya. Aku sudah tahu dia siapa. “Hey, jawab,” desaknya. Alih-alih menjawab, aku mendorong tubuhnya sekuat tenaga. Setelah terbentang cukup jarak, aku hanya melemparkan pandangan tidak suka dan kemudian berlalu pergi. Tapi tangannya mencegatku sekali lagi. “Kamu sudah tahu jawabannya. Jadi jangan muncul di hadapanku lagi!” bentakku sambil menghempaskan tangan. Setelahnya, aku berlari. Secepat mungkin agar aku sampai di ruang tunggu. Saat sudah dekat, aku menengok ke belakang untuk memastikan dia tidak mengikutiku. Napasku masih terasa ngos-ngosan. Aku menghempaskan tubuhku di atas sofa. Memejamkan mata dan membiarkan semua rasa sakit ini terasa lagi. Sialnya, penerbanganku masih satu jam lagi. Itu terlalu lama untuk menghabiskan waktu sendiri. Memori seperti menarikku ke masa lalu. Ke masa di mana kita masih begitu belia dan baik-baik saja. Tidak ada yang salah dengan bertahun-tahun selama kita terus bersama. Hanya ketika kamu mengakhiri semuanya sebelah pihaklah, semua berubah. Dan untuk semua usahaku dalam meminta penjelasan, aku menyesalinya. Semuanya. Tidak ada yang berubah meskipun aku peduli atau tidak. Selama itu, mungkin aku hanya bertepuk sebelah tangan. Jadi pun jika ditinggalkan seperti itu, tidak ada yang bisa aku lakukan. Dan entah bagaimana, hal yang baik-baik saja bisa berakhir dengan sebegitu buruknya. Aku membuang napas kasar. Terlalu banyak hal manis yang tiba-tiba datang untuk diingat. Satu pertemuan saja sudah cukup memporakporandakan semua hal yang sudah aku bangun dari awal. Karena jauh di lubuk hati yang dalam, sejujurnya masih ada banyak tanda tanya yang butuh jawaban. Aku, hanya tidak siap untuk mendengar jawabannya. Atau mungkin, aku tidak siap untuk kembali ditolak saat meminta penjelasan. Lagipula, apa yang akan berubah dari kita ketika aku tahu segalanya. Sejak awal kamu meninggalkanku, aku bertekad untuk menemukan sosok baru dan tidak pernah menemuimu lagi. Tapi bukannya menemukan sosok baru, aku justru kembali bertemu kamu. Hal yang seharusnya tidak pernah terjadi lagi. Semua yang aku lakukan, itu karena kamu. Karena kamu yang memutuskan untuk pergi. *** Suara pemberitahuan penerbanganku mulai terdengar. Aku tidak menyangka aku sudah duduk dan memejamkan mata satu jam lamanya. Dan karenanya, mungkin aku akan berhalusinasi saat kembali membuka mata. Karena yang aku lihat, dari kejauhan tampak kamu sedang memandangku penuh ragu. Aku berlalu pergi dan menganggap bahwa itu hanya efek dari aku yang baru membuka mataku lagi. Kumohon, untuk penerbangan kali ini, biarkan aku hanya terbang ke tempat yang ingin aku tuju. Jangan terbangkan juga aku ke masa lalu. Semua hal indah itu sudah berakhir sebelum aku tahu. Jadi sudah saatnya untuk tidak menemui yang telah berlalu. Tepat beberapa menit sebelum akhirnya aku pergi, aku membalikkan badan dan berucap pada diriku sendiri. “Selamat tinggal, kamu. Jangan temui aku lagi ya. Aku sudah selesai dengan urusan masa lalu.” ;"
Bunga tanda cinta?,untitledoorseries,2/2/2019,"Saat aku memejamkan mata malam ini, wajahmu terlintas di benakku. Dari sekian banyak pria, kenapa itu kamu? Postingan barumu juga muncul di layar ponselku. Seketika aku bertanya-tanya, “Semua orang akan bilang kalau aku seharusnya jatuh cinta pada pria ini. Sayangnya aku tidak juga bisa melakukannya dan aku tidak mengerti kenapa.” Nyatanya, “Hanya karena kamu mencintainya, tak berarti dia juga akan melakukan hal yang sama, kan?” Sudah lama sekali sejak kita bicara. Dan sudah lama sekali sejak terakhir kali kamu mengirim bunga. Aku tidak tahu bagaimana kamu tahu alamatku, tapi untuk alasan romantis, aku menyukainya. Maksudku, bunga itu. Bukan kamu. Ah, jangan lagi. Sudah berkali-kali orang menasihatiku agar jatuh hati. “Pria setulus itu mau kamu cari dimana lagi?” kata mereka. Tapi aku juga bimbang. Meski ingin, hatiku tidak pernah benar-benar jatuh juga. Ini … tidak pernah menjadi cinta. Tentu saja. Kamu pria yang baik. Aku tahu. Kamu juga memperlakukanku dengan baik. Perasaan tulusmu, wajah lugu, dan tatapan itu, bagaimana mungkin aku melupakannya? Dan lagi, bunga itu, bagaimana sanggup aku membuangnya? Dia terlalu indah, ditambah kenanganmu di dalamnya. Bukan salahmu, Tuan. Mungkin hanya hatiku yang belum bisa terbuka. Aku juga tersenyum tiap kali mengingat betapa bodohnya aku karena tidak bisa jatuh cinta. Untuk ukuran pria seperti kamu, aku pasti sudah gila karena menolakmu begitu saja. Tapi begitulah. Nyatanya, aku memang gila. Karena aku menolak. Baru-baru ini kudengar kamu menemukan belahan hatimu pada akhirnya. Sebagai seorang sahabat, tentu aku begitu girang saat mendengarnya. Sebegitu bahagianya sampai aku lupa kalau aku sebaiknya tak pernah lagi menunjukkan diriku meski hanya berupa suara. Karena ketika aku mendengar berita tentangmu setelahnya, aku yakin pasti aku sudah melakukan kesalahan yang sangat besar. Bukan salahmu, Tuan. Mungkin hanya aku yang bodoh saat menyepelekan perkataanmu di masa lalu: “Cinta tak pernah berubah.” Dan untuk itu, kamu kembali mengirim bunga. Aku … seharusnya sudah menanggalkan status ‘sahabat’ yang ada padaku saat aku menolakmu, kan? Tapi, sebelum benar-benar pergi, apa aku boleh jujur tentang sesuatu? Bunga itu, adalah satu-satunya yang aku suka dari kamu. Dan jika itu sebagai bentuk cinta, tolong jadikan bunga kali ini sebagai bunga terakhir yang kamu berikan padaku. Jalani hidupmu dengan baik ya! ;"
"Untuk menyembuhkan hatimu yang patah, aku bisa apa?",untitledoorseries,2/2/2019,"Aku pikir setelah bertahun-tahun semua berjalan baik, hatimu sudah kumiliki. Aku pikir setelah tawamu yang kudengar setiap hari, tidak ada yang perlu aku risaukan lagi. Aku pikir … aku pikir … semua akan terus berjalan baik. Tidak akan ada hal buruk apa pun yang terjadi. Selama aku di sini, selama aku diam dan tidak lari. Apa aku berbuat salah? Menjadi aku adalah sesuatu yang salah? Hari ini, seperti kau yang lama, kau kembali marah. Sandungan batu kecil saja berefek bagimu seperti minyak yang ditumpahkan pada api menyala. Menyikapimu, setenang mungkin kujaga air mukaku agar tak berubah. Kupikir sikapmu yang kulihat ini salah paham. Ternyata bukan. Aku memang gagal. Yang terjadi di masa lalu, memanglah tidak semudah itu dilupakan. Sakitnya pengkhianatan setelah keras berjuang, pedihnya ditusuk dari belakang, aku tahu hatimu telah patah berulang-ulang. Hanya saja, aku bersedih untuk aku yang masih terus gagal. Mempertahankan bahagiamu saja aku tidak bisa. Membuat hatimu senang saja aku tidak mampu. Namun, untuk menyembuhkan hatimu yang patah, aku bisa apa? Percaya bukanlah suatu hal yang mudah. Memintamu percaya padaku, hanyalah sia-sia belaka. Menjadi baik saja, tentu bagimu tidak cukup. Masih perlu usaha bertahun agar hatimu, untukku, tidak tertutup. Sejujurnya, melihatmu seperti ini, juga membuatku ingin marah. Aku belum cukup apa? Aku tidak pernah berbuat apa-apa. Hanya diam tak bicara dan terus melakukan apa pun yang kau minta. Tanpa mengeluh aku kerjakan dengan segala upaya yang kupunya. Aku, bertahun-tahun, tidak sedikitpun pernah membuat masalah. Harusnya, untukmu, aku sudah baik-baik saja dan bisa kau percaya. Semua yang kulakukan, bagimu, bagaikan hujan sehari menghapus kemarau setahun rasanya. Di sisi lain, aku juga bertanya-tanya. Dari posisimu, dari posisi orang yang terluka berpuluh tahun, dari posisi orang yang terus dikhianati kepercayaannya, apa yang bisa kuharap dari kebaikanku yang masih sedikit? Aku membuang napas, menyadari kebodohanku yang besar adanya. Padamu, aku terlalu meminta banyak. Setelah memikirkannya, lagi lagi aku tidak tahu harus berbuat apa. Bagaimana aku bisa marah, saat semua lukamu itu akulah saksi matanya? Bagaimana aku sanggup membuatmu terluka, jika kau saja sudah tidak punya apa pun lagi yang buatmu bisa bangga? Bagaimana mungkin …. Ah, aku lupa. Kepercayaan adalah awal pengkhianatan. Kau pernah bilang, itu yang selalu kau pegang. Padamu, tentu salah bagiku berharap kau percaya, jika semua yang kulakukan untukmu tulus adanya. Bagaimanapun juga, menyembuhkan hatimu yang luka, aku bisa apa? Aku hanya berharap, meskipun padaku kau tidak bisa menaruh percaya, kumohon … kumohon, hiduplah bahagia. Karena bahagiamu, bagiku sudah cukup melebihi segalanya. ;"
Hati yang tergenggam,untitledoorseries,2/2/2019,"Sulit rasanya untuk mengakui bahwa tiba-tiba ada yang kosong saat kamu hilang. Rumit rasanya untuk memahami apa yang sebenarnya belakangan hari ini aku rasakan. Susah rasanya mengiyakan bahwa aku sudah termakan ucapanku sendiri setahun yang lalu. Padamu, kubilang tidak mungkin aku jatuh hati. Dengan lantang, lengkap dengan rasa paling percaya diri. Namun, ihatlah aku sekarang. Menatap langit kamar berulang-ulang, memastikan bahwa sumpahku tidak terlanggar sebegitu mudahnya. Tapi aku bisa apa, menyadari kamu hadir di kepalaku tanpa pernah pulang. Kusambungkan kabel earphone ke ponsel yang sedari tadi kupegang. Puas mengecek semua sosial mediamu yang bisa aku temukan, rasaku makin tak karuan. Kupasang earphone ke telingaku dan memutar lagu dengan volume paling kencang. Kuharap, dengan begitu kamu tak betah lagi hinggap di pikiranku dan kemudian menghilang. Dan bukannya hilang, kamu malah membuat pikirku semakin berantakan. Kejadian satu tahun lalu itu seakan terputar ulang. Kamu duduk di hadapanku, sambil tersenyum lebar. Pikirku, “Oh mungkin dia hanya sedang terlalu senang karena aku menerima ajakannya untuk makan malam.” Kita duduk di kursi paling depan, dengan jarak terdekat dengan panggung restoran. Pikirku, “Oh mungkin dia gak mau terlindung apa pun saat menonton penampilan penyanyi kesukaannya.” Kita memesan makanan dan tak lama pesanan kita datang. Sembari makan, kita berbincang panjang. Bertukar pikiran tentang apa saja. Pun sesekali kamu lemparkan candaan. Aku turut bahagia, melihat wajahmu yang begitu nampak senangnya. Namun tiba-tiba lampu ruangan yang remang kini semakin tampak hilang. Cahayanya berganti dengan lilin-lilin aroma yang tersusun rapi di sepanjang tepi dalam restoran. Aku keheranan, menyadari ada sesuatu yang salah. “Apa di sini restorannya selalu seperti ini?” tanyaku padamu. Tak ada sahutan. Yang kulihat, tidak ada bayanganmu di hadapanku sekarang. Dan sebuah petikan gitar terdengar. Mengejutkanku yang sedang berpikir tidak karuan. Aku mencari sumber suara. Lantas heran melihatmu duduk di atas panggung dengan keraguan, bersama personil lainnya. Dengan aba-aba, alunan suaramu mulai terdengar seiring dengan terangnya cahaya seisi ruangan. Aku menikmati makananku, sekaligus juga alunan suaramu. Sesekali aku melihat bagaimana kamu tampak dari atas sana. Mengagumkan. Hanya itu yang bisa aku katakan. Dan lagu yang kamu nyanyikan, adalah lagu yang seminggu sebelumnya aku putar berulang-ulang. Makananku tandas, dan aku membalikkan badan. Kembali menghadap ke atas panggung tempatmu berada. Kamu menatapku sambil menggeleng-gelengkan kepala. Dengan mimik wajah, aku bertanya. “Ada apa?” Kamu tidak menjawab. Hanya mengakhiri lagu indah itu dengan menakjubkan, diiringi riuh tepuk tangan seisi ruangan. Kamu turun dari panggung dan kembali duduk di hadapanku. Setelah sebelumnya mengacak-acak puncak kepalaku. Aku membenarkan posisi kerudung yang sepertinya miring ke kanan. Menatapmu penuh kesal, tapi juga kagum. “Aku baru tau kamu penyanyi di sini.” “Suka?” “Apanya?” “Akunya.” “Hah?” Dan setelahnya tawamu yang kudengar. Juga pernyataan sekaligus pertanyaan mengejutkan. “Aku gak mau jadi pria kebanyakan. Jadi aku mau nanya, aku bolehkan jadi milik kamu?” Aku mencerna ulang apa yang barusan kamu katakan dalam diamku berjam-jam kemudian. Di jalan pulang, aku bilang, “Aku sebenarnya masih gak ngerti maksud semua ini. Tapi kalau yang kamu mau itu aku, hati aku gak bakal pernah jatuh di kamu.” Tepat setelahnya, kita diam sepanjang perjalanan pulang. Kamu mengantarku sampai depan rumah dan hari-hari setelahnya kamu pergi tanpa kabar. Tanpa aku sadari, aku sudah menggenggam hatimu semalaman. Aku menarik napas panjang. Ingatan ini terlalu jelas untuk dilupakan. Dan hati yang kamu titipkan itu, dimana ya sekarang? Mungkin sudah menyusup ke dalam hatiku diam-diam. Ah, tidak, tidak. Pasti hati itu sudah terbang sendiri mencari pemiliknya yang tiba-tiba hilang setahun yang lalu tanpa kabar. Dan meski yakin begitu, pikiranku masih sama tak karuannya seperti di awal. Aku curiga, jangan-jangan hatiku ikut terbawa. Namun jika tidak, katakan dengan benar, kamu ingin jadi teman hidupku apa tidak? ;"
Perempuan di balik telepon genggam,untitledoorseries,2/2/2019,"Aku seringkali khawatir, apa yang kamu pikirkan tentang aku. Setelah tanpa henti aku terus mencoba menghindari pembicaraan denganmu. Alih-alih menatap, aku menyibukkan diri dengan layar telepon genggam yang menyala tiap kali kamu lewat. Padahal, di balik telepon genggam, aku simpan rasa paling dalam. Sebisa mungkin, aku berusaha tak terlihat. Bukan karena ragu, mungkin lebih karena merasa tak pantas. Aku dan kamu, kupikir tidak dalam kedudukan yang setara. Hari ke hari terus saja hal yang sama terjadi. Dari kejauhan, aku melihatmu penuh kekaguman. Jika jarak semakin mendekat, aku mulai sibuk dengan telepon genggam di tangan. Sesibuk aku menggenggam perasaan agar tidak meledak tak karuan. Dalam hati, aku terus berharap, agar selamanya aku tak terlihat. Kalau tidak, rasa ini sewaktu-waktu bisa saja meledak. Sayangnya, di suatu hari, bahu perempuan ini tak sengaja tertabrak oleh bahumu yang tegap. Aku mengaduh. Dan yang kudengar hanya kamu meminta maaf, kemudian berlalu meninggalkanku. Berjalan jauh meninggalkan aku yang kaku sekujur tubuh, karena baru saja mendengar suaramu dari jarak sedekat itu. Keesokan hari dan seterusnya, aku tidak lagi lewat di jalan yang sama seperti yang biasa kamu lewati. “Aku harus berhenti,” kataku pada diri sendiri. Tidak baik menyimpan rasa terlalu berlebihan pada lelaki. Jadi aku mencari jalan lain, yang tidak pernah kamu lewati. Karena mungkin, jika bertemu kamu sekali lagi, aku akan gila, atau mungkin mati karena rasaku yang meledak sendiri. Saat di jalan menuju kampus, aku menyadari sesuatu. “Dimana ponselku?” pikirku sambil meraba seluruh kantong di baju dan celanaku. Seketika aku ingat, aku lupa membawanya selepas aku sarapan. Dan aku sedikit lagi sampai di tujuan. Jadi kuabaikan saja dan melanjutkan perjalanan. Tiba jam makan siang dan aku memilih duduk di taman. Menikmati hijaunya dedaunan dan bunga yang bermekaran. Berteduh di bawah pohon yang rindang agar tidak terbakar oleh matahari yang sedang menebar sinar. Setidaknya di sini aku sendirian. Aku tidak perlu telepon genggam untuk menghindarkanku dari pembicaraan. Entah kamu, atau orang-orang. Namun tiba-tiba kursi taman ini bergetar. Aku menoleh ke samping, mendapati tempat kosong di sebelahku sudah diduduki seseorang. Dan yang tadi bergetar: ponselnya, yang dengan sengaja ia sedang matikan. Aku menatapnya lama. Sampai akhirnya dia bilang kalau sebaiknya aku bicara. Aku mencoba menyentuhnya, memastikan bahwa makhluk yang duduk di sampingku ini adalah nyata. Dia terkejut mendapati telunjukku mendarat tak sopan di pipinya. Setelahnya, aku gila. Mendapati kenyataan tidak ada telepon genggam sebagai pengalih perhatian dan hatiku yang meledak berserakan. ;"
Kemana aku melangkah?,untuk: aku,2/2/2019,"Aku menimbang-nimbang, akan kubawa kemana hidupku selanjutnya. Aku menimbang-nimbang, akan seperti apa aku di masa depan. Badanku gemetar, rasanya ada yang salah dari apa yang selama ini sudah aku lakukan. Aku menoleh ke kanan, menoleh ke kiri. Mencari tau apa yang sebenarnya ingin aku cari. Kuperhatikan sekitar. Hanya ada hutan kota, juga dedaunan berserakan, dan orang yang berlalu-lalang. Aku membuang napas, aku tidak tahu mau kubawa kemana langkah ini selanjutnya. Namun aku tidak berhenti. Kuteruskan saja melangkah, sembari mencari, sesuatu yang bahkan belum punya definisi. Aku ikuti kemana semua keramaian ini pergi. Layaknya air, yang mengikuti kemanapun aliran sungai pergi. Di tengah jalan, aku berhenti. Sejenak menarik napas panjang, lalu mengeluarkannya lagi. Aku butuh lebih banyak oksigen. Otakku tidak bisa diajak berpikir. Aku diam, di antara orang yang terus berlalu-lalang. Dalam satu arus, mereka terus melangkah. Entah kemana, entah untuk apa. Aku pun tidak bertanya. Aku membalikkan badan. Menatap wajah orang-orang, bukan lagi punggung yang tegap saat berjalan. Aku melihat satu per satu wajah yang mereka tunjukkan. Kesedihan, kehampaan, dan tatapan kosong ke depan. Apa yang sebenarnya mereka sedang pikirkan? Kemana sebenarnya semua orang ini akan pergi? Lalu akhirnya kuteruskan langkahku kembali. Dengan arah yang berbeda, mencari sosok wajah yang siapa tau kukenali. Aku butuh bicara, memastikan apa yang sedang terjadi. Tapi hingga aku sampai di tempat awal sebelum aku pergi, tidak satupun dari orang-orang ini yang kukenali. Aku putuskan untuk terus saja melangkah. Meski nyatanya aku sendiri masih menyimpan ragu, akan kemana jalan ini membawa langkahku? ;"
Sudahi alasannya,untitledoorseries,2/2/2019,"Kau datang senja itu. Kala aku sedang tidak siap-siapnya menerima tamu. Kusuguhkan teh dan kau tidak mau. Katamu, “Aku lebih suka kopi sekarang.” Jadi aku kembali ke dapur dan membuatkan kesukaanmu. Sekembalinya aku ke teras, teh yang kusimpan sudah tandas. Aku bertanya kemana perginya secangkir teh itu, dan kau mengalihkan pembicaraan dengan meminta kopi yang sekarang di tanganku. Aku ikut duduk bersamamu. Di teras kala senja, bersama dua cangkir kopi dengan asap yang masih mengepul dan satu cangkir kosong, bekas teh tadi. Kau memulai ceritamu. Banyak hal yang kau bicarakan. Namun satu yang paling melekat. Kau benar, kita dilahirkan dan tumbuh menjadi manusia yang banyak mau. Tapi untuk merealisasikan mau kita, untuk bisa mendekapnya nyata, kita terlalu banyak tingkah. Terlalu banyak alasan. Dan puluhan kalimat pengandaian pun kau munculkan. Di tengah-tengah sua kita, kau tertawa. Ekspresi yang kurasa lebih mirip seperti orang yang sedang nestapa. Padaku, matamu bicara. Aku menyemangatimu bahwa kita masih punya banyak waktu. Katamu tidak. Tidak jika kita masih lebih sibuk melontarkan alasan. Kita terlalu sering membatasi ruang gerak kita sendiri. Inginnya itu, tapi karena satu-dua-tiga yang bisa kita kambing hitamkan sebagai alasan, gerak kita melamban. Lalu perlahan hilang, dan di masa selanjutnya yang kita lakukan adalah kembali menyusun kalimat pengandaian. “Kita sebenernya bisa,” katamu, “andai kita tidak membuat banyak alasan lebih dulu.” Aku ingat, kata orang-orang bijak: kesempatan itu lebih sering datang justru ketika kita tidak 100% siap. Dan ketidakseratuspersenan itu adalah kesakitan untuk para pencinta kesempurnaan. Kau kembali tertawa, yang kali ini bisa aku percaya. “Aku ingin memulainya lagi, tidak peduli seberapa banyak aku sudah dan akan gagal. Aku tidak mau beralasan. Sudah cukup semuanya.” Semangatmu terasa menular padaku. Padahal semenit lalu wajahmu masih terlihat sendu. Dan setelah kau pergi pun, semangatmu masih tertinggal. Tidak ikut pergi bersama langkah yang kau bawa. Karenanya, sejak saat itu kulakukan setiap pekerjaanku di teras bersama secangkir kopi dan setoples kue rindu. Kau, adalah alasan kenapa aku benar-benar menghidupi hidup yang aku jalani. Aku tau, mati bisa saja menjemputku selepas aku pergi dari tempat duduk ini. Tidak ada lagi alasan bahwa aku masih punya waktu di masa depan. Sementara aku tau kau benar-benar pulang selepas api semangat itu baru saja kembali kau kobarkan. ;"
Aku ingin jatuh cinta,untitledoorseries,2/2/2019,"Aku lupa kapan terakhir kali aku jatuh cinta. Aku bahkan lupa kapan hatiku terasa berbunga-bunga karena seorang pria. Sejak hari itu, yang aku juga lupa tepatnya kapan, kupikir semuanya berubah. Karenamu, aku bukan lagi orang yang sama. “Ini bukan cinta,” kataku, “Kita hanya bersama karena kita tak lagi punya siapa-siapa.” Kau memalingkan wajahmu. Kau pasti berpikir hal yang serupa. Kita sama-sama hidup tanpa siapapun lagi di dunia ini. Kita hanya kebetulan saling menemukan, kemudian menghabiskan jam-jam berikutnya tanpa membiarkan salah seorang pun dari kita merasakan lagi kesendirian dan rasa sakit ditinggalkan orang tersayang. “Tapi ini sudah tahun keenam,” katamu. “Kalau begitu jangan membuatnya menjadi tahun ketujuh.” “Dengar, cinta itu juga hadir karena terbiasa. Memangnya kamu mau cinta yang seperti apa?” Aku menggeleng pelan. “Sayangnya aku juga tidak tau.” “Kalau begitu jangan pisah.” “Tidak. Aku tetap ingin kita putus.” “Kenapa?” “Karena aku tau, ini bukan cinta.” “Argh!” Kau mulai mengacak rambutmu. Akhir-akhir ini kau tampak lebih sibuk bekerja dan mudah sekali marah. Rambutmu tampak tak terurus dan mulai memanjang, tapi kau tetap tampan. Dan sebulan sudah, kau membuatku kembali merasa kesepian. Namun kesibukanmu pula yang kemudian menyadarkanku: bukan rindu yang datang, tapi kekosongan. Kita terlalu terbiasa melengket kemanapun salah satu dari kita pergi. Lalu saat kau tidak ada, aku merasa hampa dan tak tau harus berbuat apa. Ini bukan cinta. Tentu saja bukan. “Yasudah! Kalau itu maumu, kita putus!” katamu kemudian, yang disusul dengan suara kursi yang terhempas karena kau terburu-buru ingin pergi. Kuambil ponsel dari saku kemejaku. Kubuka bilah pesan yang sudah kuterima sejak seminggu lalu, tepat di hari pertama kau kembali menghubungiku. “Aku mencintainya dan dia mencintaiku. Kumohon tinggalkan dia.” Aku membaca isi pesan itu lagi, dan tatapanku jatuh kembali pada foto yang dikirim bersama pesan tadi. Kalian tampak serasi. Keputusanku sudah benar. Pria ini, yang sedari dulu bagiku adalah segalanya, berhak bahagia. Sejak saat itu, aku memilih untuk menutup hatiku rapat-rapat. Meskipun aku merasa tidak terluka, tidak patah hati, tidak mudah bagiku untuk kembali percaya. Percaya bahwa ada seorang pria yang bisa membuatku jatuh cinta yang sebenar-benarnya. Percaya bahwa ada seorang pria yang hanya menetapkan hatinya pada satu wanita. Percaya bahwa cinta itu datang karena terbiasa. Namun dibalik semua ketidakpercayaan itu, aku ingin merasakan apa itu cinta dan apa itu bahagia. Jatuh cinta yang katanya bisa bikin hati berbunga-bunga itu, aku ingin juga. Siapapun, bisa buat aku jatuh cinta sekarang? ;"
Mari melupa,untuk: aku,2/1/2019,"Dalam hidup, beberapa hal tidak terjadi sesuai harapan. Tapi coba lihat lebih tajam, ada lebih banyak hal untuk dijadikan alasan bersyukur pada Tuhan. Kemarin, hari ini, esok hari, banyak hal terjadi atas kehendak-Nya. Yang baik, yang buruk, kesenangan, kesusahan, pertemuan, perpisahan, semua terjadi bukan karena kebetulan. Ada sesuatu yang lebih maha segalanya untuk mengatur hidup kita. Atas apa-apa yang sudah kita lakukan, yang sudah kita usahakan, semuanya aman bersama Tuhan. Lalu kenapa harus ada lagi rasa takut dan kecewa yang kita hadirkan? Mari melupa, bahwa kejadian buruk yang terjadi adalah atas kebodohan kita sendiri. Itu bukan cara Tuhan membuat kita bersedih. Dia hanya sedang ingin membuat kita mendekat padanya bukan dengan berjalan lagi, tapi dengan berlari. Dia ingin kita mendekat dengannya, lagi, lagi, dan lagi. Tuhan melakukannya bukan karena Dia takut kehilangan kita, tapi Dia takut jika kita menjadi hidup tanpa arah karena ketidakhadiran-Nya. Bukankah kita sudah sama-sama tahu betapa besar kasih sayang Tuhan pada tiap hamba-Nya? Lalu kenapa masih ada rasa kecewa? Sudahlah, mari melupa saja. Mari melupa, bahwa hari ini adalah hari terburuk hanya karena satu kejadian kecil. Tetaplah meminta kepada Tuhan tanpa bosan. Bagi-Nya permintaan kita itu hanyalah hal-hal sederhana yang kapan pun bisa Dia datangkan seperti membalikkan telapak tangan. Sangat mudah bagi-Nya untuk mengabulkan, tapi Tuhan tidak mau hamba-Nya menjadi manja dan kufur nikmat Tuhan. Tidak ada hari terburuk dalam hidup. Sebaliknya, hari ini adalah hari terbaik, di mana kita bisa jadikan hari ini sebagai batu loncatan agar tingkatan hidup kita semakin naik. Jangan terpuruk hari ini, matahari masih bersinar esok hari. Ayo bangkit dan coba lagi. Kesempatan akan selalu ada selama kita giat mencari. Jadi sudahlah, mari melupa sekali lagi. Mari melupa, bahwa kita lebih rendah dibanding makhluk Tuhan lainnya. Kita semua sama di hadapan-Nya. Iman dan takwalah yang membuat kita berbeda nantinya. Tapi oh ayolah, kita ini makhluk terbaik. Bukankah sedari awal saja kita sudah dijadikan juara sebelum lahir ke dunia? Kitalah satu-satunya yang bertemu sel telur dibandingkan ribuan sperma lainnya. Lalu kenapa sekarang harus merendah? Semakin hari barangkali hidup memberitahumu bahwa segala sesuatunya tidak pernah mudah, tapi kita punya Tuhan yang memegang hidup tiap hamba-Nya bak seorang nahkoda. Lalu apa lagi yang perlu kita khawatirkan tentang bahagia? Sedari dulu bukannya kita sudah memilikinya? Sudahlah. Berhenti terus-menerus merutuki diri di hadapan kaca. Kita hanya akan bahagia menjadi kita yang ada. Jadi mari melupa bahwa kita pernah merendah. Tidak ada yang salah dari mmelupa. Jika dia adalah cara terbaik untuk bangkit dari luka, kenapa masih ragu melakukannya? Berhentilah kecewa atas apa-apa yang terjadi dalam hidup. Tuhan pasti memberi kita kehidupan yang terbaik, jadi jangan melihat sesuatu dengan mata tertutup. Ingatlah selalu bahwa bersabar dan bersyukur adalah kunci agar hidup kita tidak menjadi redup. Tuhan bersama kita selalu dan kita sudah tahu itu sejak dulu. Maka untuk segala hal yang membuat hati kita sendu, mari melupa. Hidup kita sesungguhnya baik-baik saja. ;"
Sesekali menjadilah tuli,untuk: aku,2/1/2019,"Waktu terus berjalan dan zaman terus berubah. Apalagi di era sekarang, di mana pendapat bisa diungkapkan dengan seleluasa mungkin, tidaklah masalah untukmu sesekali menjadi tuli. Ya, sesekali menjadilah tuli. Sesekali menjadilah tuli. Kamu tidak perlu mendengar semua hujatan yang ditujukan orang-orang padamu. Mereka hanya benci melihatmu menjadi lebih daripada diri mereka. Mereka memang hobinya menjadikan kamu merasa lebih rendah. Mereka mencegahmu menjadi sesuatu yang lebih indah. Itu memang sudah tugas mereka, agaknya. Kamu tidak bisa membuat semua orang mencintaimu. Karena tidak mungkin mendapatkan semua, jangan sampai kamu tidak mendapatkan yang sebagian. Karena yang sebagian itu selalu ada, untuk memberimu banyak sekali semangat dan dorongan untuk terus berkembang. Orang-orang yang mencintaimu itu banyak. Orang-orang yang menyayangimu itu banyak. Jauh lebih banyak daripada orang yang melemparkan komentar negatif padamu. Jadi jangan fokus pada yang sedikit, lihatlah pada yang banyak. Banyak orang yang akan berada di sampingmu. Jadi, syukuri itu. Teruslah melangkah dan jangan pernah berhenti hanya karena dilempar sedikit cemoohan. Aku yakin, kamu tidak selemah itu. Kamu kuat dan kamu hebat. Sesekali menjadilah tuli. Semakin tinggi pohon, maka semakin tinggi pula angin yang menerpanya. Seperti itu pula hidup. Semakin tinggi posisi kamu, semakin berisik suara-suara penggosip terdengar. Teruslah berkembang. Kamu tahu itu baik, maka jangan berhenti. Mereka tidak tahu apa-apa tentangmu. Mereka hanya segerombolan orang yang menilaimu dari cerita orang lain. Jangan ambil pusing. Tersenyumlah pada semua orang. Beritahu mereka bahwa ocehan mereka tidak akan mengusik hidupmu barang sedikit pun. Sesekali menjadilah tuli. Sesekali. Karena manusia itu tempatnya khilaf, akan ada teman-temanmu yang datang menegurmu karena berbuat salah. Jangan menjadi tuli pada mereka. Kamu cukup pandai untuk membedakan mana yang ingin membawamu pada kebaikan dan mana yang membawamu ke tempat yang rendah, bukan? Dunia ini penuh dengan orang-orang yang bermain peran, tapi kamu tentulah sudah pandai membedakan. Kamu cerdas, kamu keren, kamu hebat, aku percaya padamu. Terakhir, don’t let other people tell you what to feel. Kamu yang menentukan bahagiamu. Jadi jangan menunda lagi. Kamu berhak bahagia. ;"
Saat kamu bilang aku berubah,favorit,2/1/2019,"Setelah lama tidak berjumpa, akhirnya hari ini tiba. Dan ini sudah kesekian kalinya kamu memandangku tidak biasa. “Kayaknya kamu berbeda,” katamu lagi. Kalimat itu sudah berulang kali kamu katakan sejak awal kita bertatap muka. “Huh, apanya?” aku keheranan. Rasanya jarak temu kita tidak selama itu sampai aku tiba-tiba jadi orang yang tidak lagi sama. “Aku juga gak tau, tapi rasanya ada yang berubah.” Aku hanya menarik napas panjang lalu membuangnya pelan. Bahuku pun ikut naik dan turun secara perlahan. Kulit di antara alismu berkerut sementara tanganmu menopang dagu. Kamu terlihat sekali kalau sedang berpikir keras. Sementara aku hanya duduk diam di depanmu seperti barang pameran yang sedang dalam sesi penilaian. “Ah, tidak, tidak, lagipula memangnya kenapa kalau kamu berubah? Semua orang berubah kok,” katamu sambil mengendikkan bahu. Kamu tau, aku mulai merasa tidak nyaman. Tapi kamu benar tentang satu hal: semua orang berubah. Aku yang biasanya membuatmu mengawali hari dengan ucapan selamat pagi, kini sudah tidak lagi. Kamu yang biasanya jadi temanku berjalan kesana-kemari, kini juga tidak lagi. Kita terpisah begitu jauh dalam rentang waktu yang cukup menguras rindu. Kita saling tahu dan harusnya sudah maklum pada apa pun perubahan yang akan terjadi kedepan. Sayangnya, kalimatmu tadi tidak juga menghentikanmu dari kegiatan menatapku terus-menerus. “Aku tau kita sudah lama tidak bertemu, tapi jangan terus menatapku seperti itu. Kamu terlihat menyebalkan jadinya,” ucapku sambil mulai melahap makanan yang tadi kita pesan, tapi kamu tetap saja bertahan dengan raut wajah dan tatapan yang tak berubah. Makananku sudah hampir habis, kuberanikan diri melihat ke arahmu. Kamu masih menatapku, meski kerut di antara alismu itu sudah tidak ada lagi. Sebagai gantinya, kamu tersenyum. Aku semakin merasa gelisah. Ini makan malam paling canggung yang pernah kita lakukan setelah sekian lama. Kamu tidak berminat untuk berhenti dari kelakuanmu sejak tadi dan aku mulai menggila di dalam pikiranku sendiri. “Orang ini, benar-benar!” kataku kesal dalam hati. Diam-diam, aku pun mulai berhitung, “Satu … dua … tiga …, astaga aku bisa gila kalau terus duduk di depan orang ini. Aduh, mana aku kebelet lagi!” Kemudian aku berdiri. Kamu mencegat tanganku. “Mau kemana?” tanyamu. Akhirnya orang ini bicara juga. “Ke toilet,” jawabku singkat. *** Aku sudah selesai, tapi aku belum siap kembali ke meja makan. Padahal tadi di awal kamu bilang apa? Aku berubah? Bukannya kamu ya yang berubah? Sikapmu jadi aneh begitu. Lalu aku harus apa sekarang? Kulirik arloji di jam tanganku, ini masih terlalu cepat untuk mengajakmu pulang. Lagipula kamu pasti masih belum menyentuh sedikit pun makananmu. Tidak ada pilihan lain, aku akhirnya keluar dari toilet dan kembali duduk di hadapan pria yang sedari tadi bertingkah menyebalkan. Kamu. Kamu memandangku lagi, tanpa kerut di dahi dan tanpa topangan tangan di dagu seperti tadi. Kamu duduk tegak di kursimu. Wajahmu juga tampak lebih ramah. Saat kulihat piring makanmu, semuanya sudah tandas. Dugaanku meleset rupanya. Sepertinya tadi aku terlalu lama pergi ke toilet. Kamu sadar aku memperhatikan semuanya. Karena saat mataku bertemu dengan matamu, kamu berkata, “Aku sudah tau apa yang berubah.” Spontan alisku menaik. Apa yang barusan kamu bilang? Aku melempar senyuman. “Kamu akhirnya berhenti berpikir ya.” Dan kamu pun mengangguk. “Aku ingin mengatakan ini sejak tadi saat kamu selesai makan, tapi kamu malah ke toilet, dalam waktu yang cukup lama.” Kembali aku tersenyum, mengabaikan fakta bahwa kamu sedang mengeluh dengan apa yang baru saja aku lakukan. Kemudian aku bertanya, “Jadi, apa yang berubah?” Kamu terdiam sebentar, menunduk, menatapku lagi, lalu tersenyum. Aku keheranan sampai saat kamu akhirnya bilang, “Kamu cantik,” dan waktu terhenti. ;"
Mati rasa,favorit,1/26/2019,"Saat kamu sudah kehilangan rasa peduli, bisa kupastikan rasamu sudah tiada lagi. Padaku, kamu mati rasa. Awal yang indah untuk memulai cerita tentang hati yang gundah gulana. Bukan gelisah karena peringatan neraka yang begitu nyata, melainkan kamu yang diam-diam sudah masuk ke dalam dada. Mengobrak-abrik brankas ketegaran yang kusimpan rapat-rapat dalam jiwa, juga mengusik rindu yang tak pernah bergerak tanpa aba-aba. Kamu yang memulai segalanya, lalu mengakhiri tanpa sepatah pun kata. Kamu tetap dengan diammu, Pun juga aku. Dan sering berjalannya waktu, roda kembali pada masa dimana kita tak saling tahu. Kita sudah saling mati rasa. Jadi usaikanlah semua sesak yang ribuan malam lalu menikam dada. ;"
Aku hanyalah aku,favorit,1/26/2019,"Aku bukanlah seorang pujangga. Bukan pula seorang penyair yang tersohor namanya. Aku hanyalah aku. Aku hanyalah aku, yang memujamu dalam tiap doa di malam sendu. Tanpa tahu apakah Tuhan kan menujukan doaku padamu. Aku hanyalah aku, yang memelukmu dari jauh lewat kalbu. Tanpa tahu apakah kau akan balas memelukku. Aku hanyalah aku, yang begitu merindumu lebih cepat dari waktu. Tanpa tahu apakah rindu itu akan terus melaju. Aku hanyalah aku, yang cintanya hanya buta padamu. Tanpa tahu apakah kau adalah sebenar-benar jawaban atas segala doaku. Aku hanyalah aku. Dan kuberikan seluruh aku padamu, lengkap dengan segelas cinta dan semangkuk rindu. ;"
Di saat aku menari,favorit,1/26/2019,"Di malam gelap aku menari, di atas lantai rindu yang lirih. Sementara kau menjadi pengiring pilu, di setiap gerak tubuh yang sendu Tariku tak akan berhenti. Sebab jam terus berganti. Dan alunan rindu masih terus berbunyi. Aku menari di malam yang kelam. Tanpa pasangan, tanpa pegangan. Gerakku lepas tak berbatas. Ritmeku cepat tak berbias. Biarkan aku terus menari di malam sepi. Agar kutemukan kau di nada yang tiada henti. ;"
Teruslah bermimpi,untuk: aku,1/26/2019,"Aku ingat ketika pertama kali kamu datang. Banyak mimpi yang kamu gantung tinggi-tinggi di atap langit kamar. Kamu pandangi setiap hari, sambil berdoa agar semua itu terwujud. Seiring berjalannya waktu, kamu sadar. Ada banyak hal yang kamu kemudian pikir terlalu tinggi untuk kamu raih. Kamu berpikir bahwa kamu tidaklah sama dengan kamu yang dulu. Kamu bukanlah lagi burung yang harus selalu terbang tinggi. Ada orang-orang baru yang siap melakukan itu untukmu. Kamu ingin menjadi burung yang terbang bebas tanpa merasa takut. Kamu ingin bisa menjadi bahagia, dengan jalan yang tidak membuatmu sengsara. Mimpi itu nerakamu. Tidaklah salah menargetkan mereka begitu tinggi, tapi ada batasan yang harus pula kamu teliti. Itu adalah kemampuanmu. Apa kamu pernah ingat seseorang memberimu nasihat agar tidak menjadi naif pada dirimu sendiri? Sadari itu, dan atur ulang mimpimu. Aku sadar bahwa tetap ada keinginan dalam hatimu untuk mewujudkan mimpi-mimpi tinggi itu. Aku tahu. Itu tetap ada meski hanya setitik saja. Kamu selalu terbayang ucapan guru di sekolahmu, agar terus bermimpi setinggi mungkin. Gagal tidak apa. Tapi beliau selalu mengingatkan bahwa jika pun gagal, biasanya itu tidak terlalu jauh dari apa yang kamu cita-citakan. Mungkin benar, tapi aku tidak ingin kamu terus hidup dalam kesedihan. Juga tidak mau melihatmu murung karena gagal berjuang mendapat yang kamu idamkan. Rasa bersyukur membawamu kepada kebahagiaan. Kenapa tidak kamu pasang mimpi yang realistis saja. Jikalau kemudian mendapat lebih, kamu akan menjadi orang yang sangat bersyukur, bukan? Dan jika pun hanya sampai pada targetmu saja, kamu pun akan tetap bisa bersyukur. Hiduplah dalam kebahagiaan. Hidupilah hidupmu yang kita tak pernah tahu akan berlangsung sampai kapan. Kemudian kamu berpikir bahwa kamu tidak ingin hidup sepasrah itu. Kamu ingin hidup dalam semangat yang menggebu-gebu. Coba kamu ingat lagi, sudah berapa banyak batu yang menimpamu, sudah berapa banyak kemurungan yang kamu sebenarnya tidak mau? Aku tidak suka itu. Jadi tersenyum dan berbahagialah. Tentukan apa yang akan kamu lakukan sekarang. Kalau memang masih ingin hidup dalam angan besar, perjuangkan! Jangan hanya terus diam dan berkurung dalam kamar. Juara tidak tercipta dalam sehari semalam. Sadarlah sejauh mana kemampuanmu sekarang. Perjuangkan apa yang ingin kamu dapatkan. Aku, hanya mampu mendoakanmu dari kejauhan. Semoga apa pun yang kamu lakukan selalu penuh dengan berkah Tuhan. ;"
Ketika aku dan kamu terpisahkan sebuah jarak,untitledoorseries,1/26/2019,"Ketika jatuh cinta terjadi antara dua insan, akan lebih baik jika ada jarak yang mereka ciptakan. Untuk kemudian memperoleh kebenaran, tentang apakah hati mereka ingin saling menemukan atau justru saling melupakan. Jarak adalah sebuah ujian dalam sebuah hubungan. Ketika dua insan yang awalnya ada rasa itu dipisahkan, selalu ada kemungkinan bagi mereka untuk saling melupa. Dan itu yang terjadi pada kita, bukan? Berapa jarak yang sekarang terbentang di antara kita? Aku tidak tahu apa kita cukup mampu untuk melewati cobaan seperti ini. Berhari-hari tanpa kabar, tanpa senyuman dan lambaian di pagi hari, tanpa sapaan selamat pagi. Aku tanpa kamu, dan kamu tanpa aku. Aku baik-baik saja hingga kini. Kamu? Setiap kali membuka mata, ponsel yang kita cari. Untuk menyapa hari pagi dengan teriakan penuh semangat tanpa henti. Kita saling menyemangati agar senyumlah yang tercipta sepanjang hari. Kita tahu, bahwa satu sama lain, kita begitu berarti. Bertepuk sebelah tangan adalah hubungan yang paling kejam. Dan kamu tak pernah tinggal diam agar aku juga tak terus terbungkam. Kamu adalah sosok yang paling sabar, menghadapi seorang aku yang penuh rasa kurang. Sementara aku bagimu adalah sosok yang paling tegar, tersenyum sepanjang hari meski diterpa berbagai cobaan. Kita berbagi suka dan duka kita sepanjang hari. Namun yang mengherankan, kita tak pernah saling bosan. Yang paling aku rindukan adalah tepukan di bahuku yang pelan. Kamu melakukannya tiap kali aku menceritakan hariku yang berat dengan senyum paling sabar. Entah apa yang kamu rindukan. Kamu belum memberitahukannya, sebab berjumpa saja belum lagi kita lakukan. Senja pula yang selalu akan kita rindukan. Berbaring di bibir pantai sambil melempar senyum pada Tuhan di atas langit. Bersyukur di hari itu bahwa kamulah orang yang aku temui, pada akhirnya. Semua begitu cepat terjadi, kini kita sudah tidak melihat senja bersama lagi. Punggungmu yang nyaman selalu menjadi tempat terbaik untuk bersandar. Degup jantungmu selalu merdu terdengar sebagai pelengkap aku menceritakan segala manis pahit kehidupan. Pun sama, kisahmu terdengar menggema di balik punggungmu yang rata. Kita tidak pernah saling menatap saat bertukar kisah. Kamu menghadap lautan, aku menghadap pepasiran. Tapi kita bersama di bawah langit Tuhan dan genggaman kasih sayang. Jalan kita begitu berbatu, dan kita tahu. Sedari awal kamu mengingatkanku bahwa ini tak akan pernah menjadi mudah. Jalan menanjak, panjang, namun berarah, adalah sebenar-benar yang kemudian kita jadikan pilihan. Dan janji adalah satu-satunya yang kita pegang. Jarak ini akan berlalu, sayang. Sabarlah sebentar. Angin sepoi ini bukanlah halangan. Kita akan kembali bertemu saat waktu yang tepat itu datang. Menunggulah dengan sabar. Untukmu, untukku, untuk kita, mari terus berjuang, melawan jarak yang masih terasa begitu panjang. ;"
Tentang sebuah janji,untitledoorseries,1/26/2019,"Aku pernah berjanji, meski hanya pada diriku sendiri. Bahwa aku akan memegang tanganmu hingga akhir. Hingga kau yang melepaskan atau ada orang lain yang membawaku pergi. Aku pernah berjanji, meski hanya pada diriku sendiri. Bahwa aku akan menahan rindu yang perih, sebab hanya aku yang peduli. Sementara kau, tak pernah memandangku lagi. Aku pernah berjanji, bahwa aku juga tidak akan peduli apa rasamu padaku selama ini. Selama aku bisa memegang tanganmu, selama aku bisa berdiri, aku akan tetap di sini. Hingga akhirnya waktu itu tiba. Waktu dimana orang lain yang membawaku pergi itu benar-benar ada. Dan saat seseorang melepas pegangan tanganku dan membawaku pergi menjauh darimu, apakah hal yang aku mampu? Apa aku harus memegang erat tanganmu agar aku tidak pergi? Bagaimana aku bisa, jika tanganmu sendiri tanpa kuasa. Sekarang lihatlah apa yang kau lakukan terhadapku. Aku terlepas dari tanganmu, tapi tidak hatiku. Kemana kau bawa hatiku bersamamu? Dulu, hanya aku yang berjanji. Tapi lihatlah, kupikir kau sekarang mulai peduli. Lalu sekarang aku harus apa? Memulai janjiku lagi, tapi bukan hanya pada diriku sendiri? Memegang tanganmu lagi, agar kau bisa peduli? Janjiku mungkin masih ada, tapi aku tidak tahu apa rasa ini juga masih sama. ;"
"Aku, kopi, dan rindu",favorit,1/23/2019,"Kata mereka, kopi bisa membuatku terjaga hingga pagi, membuatku lupa tentang kisah patah hati, dan menghilangkan memori kala hujan yang tiada henti. Kata mereka, rindu itu pilu. Terlebih lagi padamu. Itu sebabnya aku menahan rindu. Membuatku tak berpaling dari padamu Kata mereka, kopi dan rindu itu berbeda. Tapi keduanya dapat bertemu kala senja. Tujuannya sederhana: mengobati hati yang luka. ;"